thickness_um,n_incident,n_capture,n_transmit,total_neutron_track_length_um,sigma_eff_per_um,sigma_eff_per_cm,capture_efficiency,transmission_efficiency,other_loss_efficiency,attenuation
50,10000,644,9314,490080,0.00131407,13.1407,0.0644,0.9314,0.0042,0.0686
100,10000,1281,8683,943586,0.00135759,13.5759,0.1281,0.8683,0.0036,0.1317
150,10000,1857,8076,1.36885e+06,0.00135661,13.5661,0.1857,0.8076,0.0067,0.1924
200,10000,2334,7596,1.77165e+06,0.00131742,13.1742,0.2334,0.7596,0.007,0.2404
300,10000,3255,6674,2.50773e+06,0.00129799,12.9799,0.3255,0.6674,0.0071,0.3326
400,10000,4089,5836,3.12797e+06,0.00130724,13.0724,0.4089,0.5836,0.0075,0.4164
