thickness_um,n_incident,n_capture,n_transmit,total_neutron_track_length_um,sigma_eff_per_um,sigma_eff_per_cm,capture_efficiency,transmission_efficiency,other_loss_efficiency,attenuation
50,10000,363,9600,493498,0.000735565,7.35565,0.0363,0.96,0.0037,0.04
100,10000,694,9237,973309,0.000713032,7.13032,0.0694,0.9237,0.0069,0.0763
150,10000,1049,8898,1.43914e+06,0.000728905,7.28905,0.1049,0.8898,0.0053,0.1102
190,10000,1320,8609,1.79826e+06,0.000734042,7.34042,0.132,0.8609,0.0071,0.1391
200,10000,1415,8519,1.89756e+06,0.000745693,7.45693,0.1415,0.8519,0.0066,0.1481
300,10000,2023,7885,2.71222e+06,0.000745883,7.45883,0.2023,0.7885,0.0092,0.2115
400,10000,2606,7294,3.49948e+06,0.000744683,7.44683,0.2606,0.7294,0.01,0.2706
